Name,Type,Building,Floor,Location Description,Latitude,Longitude,StartingTime,ClosingTime,ImageURL
Anna's x Soup Union,Food,Central Library,1,Next to NUS Co-op,1.296444,103.773032,0900hrs,1800hrs,https://github.com/CS3219-AY2627S1/FoC-Template/blob/main/data/images/ANNA.jpeg
NUS Co-op,Shopping,Central Library,1,Inside the library on the right side,1.2967866,103.7732677,0900hrs,1600hrs,https://github.com/CS3219-AY2627S1/FoC-Template/blob/main/data/images/NUS_COOP.jpeg
Printer @ Com 2,Printing,Com 2,1,Next to LT19,1.2938347,103.7744572,0000hrs,2359hrs,https://github.com/CS3219-AY2627S1/FoC-Template/blob/main/data/images/PRINTER_COM2.jpeg
Cool Spot,Food,Com2,1,Opp LT16,1.2940156,103.7738478,0900hrs,2130hrs,https://github.com/CS3219-AY2627S1/FoC-Template/blob/main/data/images/COOL_SPOT.jpeg
InstaChef,Food,Terrace,1,Next to foyer,1.2938898,103.7736305,0000hrs,2359hrs,https://github.com/CS3219-AY2627S1/FoC-Template/blob/main/data/images/INSTACHEF.jpeg
Cafe+ Robot Cafe,Food/Coffee,Central Library,1,Opp to central library entrance,1.296444,103.773032,0000hrs,2359hrs,https://github.com/CS3219-AY2627S1/FoC-Template/blob/main/data/images/ROBOT_CAFE.jpeg
A Hot Hideout,Food,Prince George's Park,2,Near PGP entrance,1.2908445,103.7770891,1100hrs,2130hrs,
Arise and Shine,Food,Engineering Block E4,4,Near LT6,1.2991517,103.769064,0800hrs,1800hrs,
Bakehaus / Aurea,Food,The Ridge,1,Near COM2,1.2946778,103.7707872,0800hrs,2100hrs,
Central Square @ YIH,Food,Yusof Ishak House,1,Closest to Opp UHC bus stop,1.2984401,103.7726256,0800hrs,2000hrs,
Pasta Express,Food,Frontier,1,Aircon section,1.2947819,103.7704435,0930hrs,1930hrs,
TOMORO COFFEE,Food/Coffee,Hon Sui Sen Memorial Library,2,Inside HSSML,1.2931259,103.7719943,0815hrs,1800hrs,
Octobox,Shopping,Prince George’s Park,2,Near PGP entrance,1.2904347,103.7787588,0000hrs,2359hrs,
Smooy,Food,COM3,1,The Terrace @ COM3,1.2948308,103.7716305,1100hrs,2100hrs,
Goh Bros E-Print Pte Ltd,Printing,Yusof Ishak House,5,Take the long staircase up YIH,1.2984905,103.7720544,0900hrs,1800hrs,
Cheers Unmanned Convenience Store,Shopping,Engineering Block E3,4,Take right from Arise n Shine,1.2994341,103.7526298,0000hrs,2359hrs,
Nami,Food,innovation4.0,1,Opp TCOMS,1.2942982,103.7708813,0800hrs,1730hrs,
Supersnacks,Food,Prince George’s Park,1,"At level 1 in Prince George's Park Residences, Block 10",1.2913847,103.7776367,1100hrs,0200hrs,
Good Day Cafe,Food/Coffee,Medicine+Science Library,1,Inside MedScience library ,1.2967989,103.7794336,0730hrs,1830hrs,
The Coffee Roaster,Food/Coffee,Blk AS8,1,Behind central library bus stop,1.296252229,103.7720926,0800hrs,1730hrs,
he by He Brews,Food/Coffee,Engineering Block EA,1,Near LT7 & Engineering Auditorium,1.300566804,103.7707577,0800hrs,1700hrs,
Bistro Box,Food,College of Design and Engineering,,CDE outlet. Hours shown: Mon-Fri during term; weekends and PH closed.,,,0730hrs,2000hrs,
Burnt Cones @ MD11,Food/Coffee,Medicine Block MD11,,Near LT27 and S17 bus stops. Mon-Fri hours shown; Sat 1000-2130.,,,0730hrs,2130hrs,
Burnt Cones @ University Hall,Food/Coffee,University Hall,,Near University Hall bus stop. Mon-Fri; weekends and PH closed.,,,0800hrs,1930hrs,
Cafe Delight,Food,Ventus,,Ventus outlet. Mon-Fri; weekends and PH closed.,,,0800hrs,1700hrs,
Chong Pang Tai Zhi Wei,Food,The Deck,2,Upper level of The Deck. Term Mon-Fri hours shown; Sat 0730-1500. Vacation weekday closing 1800.,,,0730hrs,1600hrs,
CHAGEE,Food,Yusof Ishak House,1,Level 1 near YIH bus stop. Daily. (Coordinates approximate: building-level point.),1.2984401,103.7726256,1030hrs,2030hrs,
Eureka Taste,Food,Medicine Block MD6,,MD6 outlet. Mon-Fri; weekends and PH closed.,,,0700hrs,1900hrs,
Fong Seng Nasi Lemak,Food,The Deck,2,Upper level of The Deck. Term Mon-Fri hours shown; Sat 0800-1400. Closed during vacation.,,,0800hrs,1700hrs,
Li Ji Coffeehouse,Food/Coffee,Frontier,,Inside the air-conditioned food court. Mon-Fri hours shown; Sat 0700-1500; Sun and PH closed.,,,0700hrs,1930hrs,
Liang Ban Kung Fu,Food,The Deck,2,Upper level of The Deck. Mon-Fri; weekends and PH closed.,,,0800hrs,2000hrs,
Makan Boleh,Food,COM3,,At The Terrace @ COM3. Mon-Fri; weekends and PH closed. (Coordinates approximate: building-level point.),1.2948308,103.7716305,0800hrs,1900hrs,
Mini Wok & Dim Sum,Food,Yusof Ishak House,1,Level 1 near YIH bus stop. Daily; 2100 is the listed last-order time. (Coordinates approximate: building-level point.),1.2984401,103.7726256,1000hrs,2100hrs,
Mixue,Food,Frontier,,Science canteen near S17 bus stop. Mon-Fri; weekends and PH closed.,,,1000hrs,1900hrs,
Nine Fresh,Food,Faculty of Science,,Science faculty outlet. Mon-Fri hours shown; Sat 1100-1500; Sun and PH closed.,,,1100hrs,1830hrs,
Potato Corner,Food,Yusof Ishak House,,Near YIH bus stop. Term Mon-Fri hours shown; Sat and PH 1000-2000; Sun closed. Closed during vacation. (Coordinates approximate: building-level point.),1.2984401,103.7726256,1100hrs,2000hrs,
QQ Rice,Food,Science Block S16,,Near LT27 and S17 bus stops. Mon-Fri hours shown; Sat 0730-1400; Sun and PH closed.,,,0730hrs,1900hrs,
Sloppy B,Food,University Sports Centre,,Near UHC and Opp UHC bus stops. Term Mon-Thu hours shown; Fri closes 2000; Sat 1000-1430; Sun and PH closed. Vacation Mon-Fri closes 2000.,,,1000hrs,2200hrs,
South & East,Food,Shaw Foundation Alumni House,1,Units 01-01 to 01-03. Mon-Fri lunch 1130-1500 and dinner 1800-2200; weekends dinner only. Time fields show the weekday span with a break.,,,1130hrs,2200hrs,
Poonsti Cafe,Food/Coffee,Shaw Foundation Alumni House,,"Listed with South & East. Mon-Fri; food until 1500; drinks until 1630, last order 1600. Weekends closed.",,,0800hrs,1630hrs,
Starbucks @ S9,Food/Coffee,Science Block S9,,Science outlet near CP7. Term Mon-Fri hours shown; vacation closes 1700; weekends and PH closed.,,,0730hrs,1900hrs,
Starbucks @ CDE,Food/Coffee,College of Design and Engineering,,"CDE outlet near CP17. Term Mon-Fri only; weekends, PH and vacation closed.",,,0800hrs,1630hrs,
Taiwan Ichiban,Food,Frontier,,Inside the air-conditioned food court. Term Mon-Fri hours shown; Sat 0830-1500. Vacation weekdays 0900-1900. Sun and PH closed.,,,0830hrs,1930hrs,
TempuRamen,Food,Yusof Ishak House,1,Level 1 near YIH bus stop. Term daily hours shown; vacation daily 1000-2000. (Coordinates approximate: building-level point.),1.2984401,103.7726256,0930hrs,2030hrs,
The Acai Truck,Food,Prince George's Park,2,At PGP canteen. Mon-Thu hours shown; closes at midnight. Fri 1100-1930; weekends and PH closed.,,,1100hrs,0000hrs,
The Coffee Bean and Tea Leaf,Food/Coffee,COM3,,"At The Terrace @ COM3. Term Mon-Fri only; weekends, PH and vacation closed. (Coordinates approximate: building-level point.)",1.2948308,103.7716305,0900hrs,1800hrs,
The Spread,Food,Mochtar Riady Building,,Business School outlet. Term Mon-Fri hours shown; Sat 0800-1500. Vacation weekdays close 1700; Sat closes 1400. Sun and PH closed.,,,0800hrs,2000hrs,
Uncle Penyet Fusion,Food,Frontier,,Inside the air-conditioned food court. Mon-Fri hours shown; Sat 0700-1500; Sun and PH closed.,,,0700hrs,1930hrs,
Wild Skew,Food,Yusof Ishak House,2,Level 2 near YIH bus stop. Mon-Fri hours shown; weekends and PH 1200-2030. (Coordinates approximate: building-level point.),1.2984401,103.7726256,1130hrs,2030hrs,
Wok Express,Food,Yusof Ishak House,1,Level 1 near YIH bus stop. Mon-Sun except PH; 2100 is the listed last-order time. (Coordinates approximate: building-level point.),1.2984401,103.7726256,1000hrs,2100hrs,
Wonderful Cafe @ CDE,Food/Coffee,College of Design and Engineering,,CDE outlet near CP17. Mon-Fri and PH hours shown; Sat 0700-1500; Sun closed.,,,0700hrs,2000hrs,
Wonderful Cafe @ S16,Food/Coffee,Science Block S16,,Near LT27 and S17 bus stops. Term weekdays shown; Sat 0800-1430. Vacation weekdays 0830-1930. Sun and PH closed.,,,0730hrs,2000hrs,
The Terrace,Food,COM3,,Food court at Computing 3. Mon-Sat; Sun closed. Individual stalls may differ. (Coordinates approximate: building-level point.),1.2948308,103.7716305,0730hrs,1900hrs,
Bismillah Biryani,Food,Stephen Riady Centre,,UTown outlet near SRC carpark. Mon-Fri hours shown; Sat 1130-1700. (Coordinates approximate: building-level point.),1.3054859,103.7730596,1130hrs,1930hrs,
Fine Food,Food,Town Plaza,,UTown food court. Daily; individual stall hours may differ.,,,0800hrs,2030hrs,
Flavours @ UTown,Food,Stephen Riady Centre,,UTown food court. Daily; individual stall hours may differ. (Coordinates approximate: building-level point.),1.3054859,103.7730596,0730hrs,2030hrs,
Hwang's Korean Restaurant,Food,Town Plaza,,UTown outlet near CREATE Tower carpark. Mon-Sat; Sun closed.,,,1030hrs,2100hrs,
Jollibee,Food,Town Plaza,,UTown outlet near University Town bus stop. Daily.,,,0900hrs,2100hrs,
Mr Bean / Do Qoo,Food,Town Plaza,,UTown outlet near University Town bus stop. Term Mon-Fri hours shown; vacation weekdays 0830-1930. Weekend term schedule is unclear in the directory.,,,0730hrs,2100hrs,
Makan Malah!,Food,Town Plaza,,UTown outlet near University Town bus stop. Daily.,,,1100hrs,2230hrs,
Starbucks @ UTown,Food/Coffee,Education Resource Centre,,UTown ERC outlet. Open 24 hours daily during term; vacation daily 0730-2100.,,,0000hrs,2359hrs,
Subway @ UTown,Food,Stephen Riady Centre,,UTown outlet near SRC carpark. Daily. (Coordinates approximate: building-level point.),1.3054859,103.7730596,0830hrs,2130hrs,
Supersnacks @ UTown,Food,Stephen Riady Centre,,"UTown outlet. Term weekdays shown, closing next day; weekends and PH 1800-0200. (Coordinates approximate: building-level point.)",1.3054859,103.7730596,1100hrs,0200hrs,
The Royals Bistro,Food,Town Plaza,,UTown outlet near CREATE Tower carpark. Mon-Sat; Sun and PH closed.,,,1100hrs,2000hrs,
Sapore,Food,Stephen Riady Centre,,UTown outlet. Term weekdays shown; weekends and PH 1130-2000. Vacation weekdays close 2000; weekends and PH closed. (Coordinates approximate: building-level point.),1.3054859,103.7730596,1130hrs,2100hrs,
TOMORO COFFEE @ NUS College,Food/Coffee,NUS College,,UTown outlet near University Town bus stop. Mon-Fri hours shown; Sat 0800-1300; Sun and PH closed.,,,0800hrs,1800hrs,
Triplets,Food,Stephen Riady Centre,,UTown outlet. Listed term hours: Mon-Fri. Closed during vacation. (Coordinates approximate: building-level point.),1.3054859,103.7730596,0900hrs,2100hrs,
Udon Don Bar,Food,Town Plaza,,UTown outlet near CREATE Tower carpark. Daily term hours shown; vacation closes 2100.,,,1100hrs,2130hrs,
Waa Cow / Bueno Bueno,Food,Stephen Riady Centre,,UTown outlet near University Town bus stop. Mon-Fri hours shown; weekends and PH 1200-2030. (Coordinates approximate: building-level point.),1.3054859,103.7730596,1130hrs,2030hrs,
Cheers Unmanned Convenience Store @ YIH,Shopping,Yusof Ishak House,1,Level 1 near YIH bus stop. Open 24 hours daily. (Coordinates approximate: building-level point.),1.2984401,103.7726256,0000hrs,2359hrs,
FairPricexpress @ Kent Vale,Shopping,Kent Vale,,Near Kent Vale bus stop. Daily.,,,0700hrs,2300hrs,
FairPricexpress @ UTown,Shopping,Stephen Riady Centre,,"UTown convenience store. Open 24 hours during term. Published vacation exception is dated 2025, so current vacation hours need confirmation. (Coordinates approximate: building-level point.)",1.3054859,103.7730596,0000hrs,2359hrs,
NUS Co-op @ Science,Shopping,Science LT27,,Science branch at LT27. Mon-Fri; weekends and PH closed.,,,1000hrs,1730hrs,
Octobox @ UTown,Shopping,Stephen Riady Centre,,UTown convenience store. Open 24 hours daily. (Coordinates approximate: building-level point.),1.3054859,103.7730596,0000hrs,2359hrs,
